Season,Team,Total Post,Total Comments,Score,Postivie,Negative
2013-2014,Arsenal,148,782,474,36,43
2014-2015,Arsenal,114,366,217,15,12
2015-2016,Arsenal,139,365,291,15,2
2016-2017,Arsenal,286,1086,423,26,0
2017-2018,Arsenal,648,3539,1027,59,1
2018-2019,Arsenal,385,4524,2375,97,2
2019-2020,Arsenal,587,5218,5995,189,3
2013-2014,Aston Villa,71,526,282,19,43
2014-2015,Aston Villa,47,241,175,10,12
2015-2016,Aston Villa,37,51,21,1,2
2016-2017,Aston Villa,7,33,11,1,0
2017-2018,Aston Villa,8,61,43,4,1
2018-2019,Aston Villa,51,1664,599,22,0
2019-2020,Aston Villa,136,1650,2081,65,0
2013-2014,Burnley,22,260,121,13,0
2014-2015,Burnley,29,172,79,6,13
2015-2016,Burnley,4,93,26,0,0
2016-2017,Burnley,33,143,104,4,0
2017-2018,Burnley,127,906,297,25,2
2018-2019,Burnley,81,1286,562,28,2
2019-2020,Burnley,91,460,612,52,0
2013-2014,Chelsea,130,812,506,39,43
2014-2015,Chelsea,144,576,327,14,13
2015-2016,Chelsea,155,569,301,17,2
2016-2017,Chelsea,268,909,440,20,0
2017-2018,Chelsea,551,2559,783,53,1
2018-2019,Chelsea,404,4528,2355,105,4
2019-2020,Chelsea,609,4911,6638,201,1
2013-2014,Crystal Palace,79,539,354,18,43
2014-2015,Crystal Palace,43,217,156,10,12
2015-2016,Crystal Palace,30,65,55,4,2
2016-2017,Crystal Palace,48,165,102,7,0
2017-2018,Crystal Palace,145,796,288,26,3
2018-2019,Crystal Palace,88,889,470,28,3
2019-2020,Crystal Palace,106,1058,1113,44,1
2013-2014,Everton,118,864,455,26,43
2014-2015,Everton,65,278,193,9,13
2015-2016,Everton,71,270,94,4,2
2016-2017,Everton,89,410,215,8,0
2017-2018,Everton,233,993,366,31,1
2018-2019,Everton,142,1211,870,44,2
2019-2020,Everton,197,1730,2580,97,1
2013-2014,Hull City,75,552,267,19,43
2014-2015,Hull City,28,134,45,4,12
2015-2016,Hull City,6,57,17,0,0
2016-2017,Hull City,32,130,27,3,0
2017-2018,Hull City,9,94,41,2,1
2018-2019,Hull City,1,3,7,1,0
2019-2020,Hull City,9,9,139,9,0
2013-2014,Leicester City,19,233,62,14,0
2014-2015,Leicester City,31,140,166,7,12
2015-2016,Leicester City,71,506,94,0,2
2016-2017,Leicester City,71,368,129,6,0
2017-2018,Leicester City,157,532,176,19,3
2018-2019,Leicester City,94,1177,749,26,3
2019-2020,Leicester City,134,1323,2045,73,0
2013-2014,Liverpool,156,850,483,32,43
2014-2015,Liverpool,121,551,266,13,11
2015-2016,Liverpool,141,390,230,14,2
2016-2017,Liverpool,192,659,316,14,0
2017-2018,Liverpool,734,3025,1069,58,1
2018-2019,Liverpool,479,3699,3004,110,2
2019-2020,Liverpool,172,3981,1513,54,0
2013-2014,Manchester City,116,690,324,24,43
2014-2015,Manchester City,60,226,178,8,1
2015-2016,Manchester City,77,229,78,1,0
2016-2017,Manchester City,148,453,141,8,0
2017-2018,Manchester City,299,558,124,5,0
2013-2014,Manchester United,133,768,312,22,43
2014-2015,Manchester United,102,342,225,11,1
2015-2016,Manchester United,146,393,124,4,0
2016-2017,Manchester United,207,677,250,10,0
2017-2018,Manchester United,614,2144,653,32,2
2018-2019,Manchester United,305,3235,1440,45,4
2019-2020,Manchester United,393,5438,3905,110,0
2013-2014,Newcastle,87,557,297,21,43
2014-2015,Newcastle,73,365,164,11,12
2015-2016,Newcastle,59,187,165,5,2
2016-2017,Newcastle,27,138,111,7,0
2017-2018,Newcastle,141,890,356,15,2
2018-2019,Newcastle,149,2200,1050,43,2
2019-2020,Newcastle,200,2140,2512,78,0
2013-2014,QPR,19,195,66,14,0
2014-2015,QPR,52,291,110,7,14
2015-2016,QPR,2,2,0,0,0
2016-2017,QPR,2,44,17,1,0
2017-2018,QPR,5,90,47,4,0
2018-2019,QPR,3,22,22,1,0
2019-2020,QPR,13,13,172,8,0
2013-2014,Southampton,81,564,286,19,43
2014-2015,Southampton,56,239,111,8,12
2015-2016,Southampton,32,112,53,3,2
2016-2017,Southampton,54,204,89,5,0
2017-2018,Southampton,77,161,24,2,0
2013-2014,Stoke City,62,471,247,14,43
2014-2015,Stoke City,27,116,66,5,12
2015-2016,Stoke City,31,51,85,2,2
2016-2017,Stoke City,31,130,82,5,0
2017-2018,Stoke City,98,542,246,5,1
2018-2019,Stoke City,1,1,25,1,0
2019-2020,Stoke City,11,319,186,9,0
2013-2014,Sunderland,88,565,331,21,43
2014-2015,Sunderland,38,209,81,6,12
2015-2016,Sunderland,49,129,40,2,2
2016-2017,Sunderland,44,134,62,5,0
2017-2018,Sunderland,13,105,51,5,3
2018-2019,Sunderland,8,749,45,4,0
2019-2020,Sunderland,30,367,634,20,0
2013-2014,Swansea,71,547,255,17,43
2014-2015,Swansea,55,233,189,9,12
2015-2016,Swansea,49,162,86,1,2
2016-2017,Swansea,43,235,182,6,0
2017-2018,Swansea,116,925,458,8,2
2018-2019,Swansea,9,586,138,4,0
2019-2020,Swansea,11,20,253,10,0
2013-2014,Tottenham,112,669,368,29,43
2014-2015,Tottenham,53,353,138,9,12
2015-2016,Tottenham,68,161,120,4,2
2016-2017,Tottenham,109,303,146,9,0
2017-2018,Tottenham,344,1531,838,29,0
2018-2019,Tottenham,243,3561,1563,59,3
2019-2020,Tottenham,308,4949,3729,114,0
2013-2014,WBA,4,27,3,2,0
2014-2015,WBA,1,4,5,0,0
2015-2016,WBA,2,25,19,1,0
2016-2017,WBA,2,19,1,0,0
2017-2018,WBA,2,4,0,0,0
2018-2019,WBA,1,56,47,1,0
2019-2020,WBA,2,2,1,2,0
2013-2014,West Ham,80,598,265,17,43
2014-2015,West Ham,49,318,201,10,10
2015-2016,West Ham,53,154,94,7,2
2016-2017,West Ham,62,226,148,8,0
2017-2018,West Ham,163,935,232,17,3
2018-2019,West Ham,128,989,745,33,2
2019-2020,West Ham,166,1429,1604,75,1
